Flight No.,Date andtime (UTC),"Version,Booster [b]",Launch site,Payload[c],Payload mass,Orbit,Customer,Launchoutcome,Boosterlanding,1,2,3,4,5,6,7,Payload,Launch outcome,Version Booster,Booster landing,Date,Time
1,,,CCSFS,,"~5,000 kg",SSO,SpaceX,,,,,,,,,,Transporter-1,"Success
",<function booster_version at 0x00000229A6C94680>,Success,24 January 2021,15:00
2,,,CCAFS,,0,LEO,SpaceX,,,,,,,,,,Dragon Spacecraft Qualification Unit,"Success
",<function booster_version at 0x00000229A6C94680>,Failure,4 June 2010,18:45
3,,,CCAFS,,0,LEO,NASA,,,,,,,,,,Dragon,Success,<function booster_version at 0x00000229A6C94680>,Failure,8 December 2010,18:45
4,,,CCAFS,,525 kg,LEO,NASA,,,,,,,,,,Dragon,Success,<function booster_version at 0x00000229A6C94680>,"Not attempted
",22 May 2012,15:43
5,,,CCAFS,,"4,700 kg",LEO,NASA,,,,,,,,,,SpaceX CRS-1,"Success
",<function booster_version at 0x00000229A6C94680>,No attempt,8 October 2012,07:44
6,,,CCAFS,,"4,877 kg",LEO,NASA,,,,,,,,,,SpaceX CRS-2,"Success
",<function booster_version at 0x00000229A6C94680>,"Not attempted
",1 March 2013,00:35
7,,,CCAFS,,500 kg,Polar orbit,MDA,,,,,,,,,,CASSIOPE,Success,<function booster_version at 0x00000229A6C94680>,Uncontrolled,29 September 2013,15:10
8,,,VAFB,,"3,170 kg",GTO,SES,,,,,,,,,,SES-8,Success,<function booster_version at 0x00000229A6C94680>,Not attempted,3 December 2013,16:00
9,,,CCAFS,,"3,325 kg",GTO,Thaicom,,,,,,,,,,Thaicom 6,Success,<function booster_version at 0x00000229A6C94680>,Not attempted,6 January 2014,22:41
10,,,CCAFS,,"2,296 kg",LEO,NASA,,,,,,,,,,SpaceX CRS-3,"Success
",<function booster_version at 0x00000229A6C94680>,Controlled,18 April 2014,22:06
11,,,Cape Canaveral,,"1,316 kg",LEO,Orbcomm,,,,,,,,,,Orbcomm-OG2,Success,<function booster_version at 0x00000229A6C94680>,Controlled,14 July 2014,19:25
12,,,Cape Canaveral,,"4,535 kg",GTO,AsiaSat,,,,,,,,,,AsiaSat 8,Success,<function booster_version at 0x00000229A6C94680>,Not attempted,5 August 2014,15:15
13,,,Cape Canaveral,,"4,428 kg",GTO,AsiaSat,,,,,,,,,,AsiaSat 6,Success,<function booster_version at 0x00000229A6C94680>,"Not attempted
",7 September 2014,08:00
14,,,Cape Canaveral,,"2,216 kg",LEO,NASA,,,,,,,,,,SpaceX CRS-4,Success,<function booster_version at 0x00000229A6C94680>,Uncontrolled,21 September 2014,05:00
15,,,Cape Canaveral,,"2,395 kg",LEO,NASA,,,,,,,,,,SpaceX CRS-5,Success,<function booster_version at 0x00000229A6C94680>,Failure ,10 January 2015,05:52
16,,,Cape Canaveral,,570 kg,HEO,USAF,,,,,,,,,,DSCOVR,"Success
",<function booster_version at 0x00000229A6C94680>,Controlled,11 February 2015,09:47
17,,,Cape Canaveral,,"4,159 kg",GTO,ABS,,,,,,,,,,ABS-3A,"Success
",<function booster_version at 0x00000229A6C94680>,Not attempted,2 March 2015,23:03
18,,,Cape Canaveral,,"1,898 kg",LEO,NASA,,,,,,,,,,SpaceX CRS-6,"Success
",<function booster_version at 0x00000229A6C94680>,Failure,14 April 2015,03:50
19,,,Cape Canaveral,,"4,707 kg",GTO,,,,,,,,,,,TürkmenÄlem 52°E / MonacoSAT,"Success
",<function booster_version at 0x00000229A6C94680>,Not attempted,27 April 2015,20:10
20,,,Cape Canaveral,,"1,952 kg",LEO,NASA,,,,,,,,,,SpaceX CRS-7,Failure,<function booster_version at 0x00000229A6C94680>,Precluded,28 June 2015,23:03
21,,,Cape Canaveral,,"2,034 kg",LEO,Orbcomm,,,,,,,,,,Orbcomm-OG2,"Success
",<function booster_version at 0x00000229A6C94680>,Success,22 December 2015,14:21
22,,,Cape Canaveral,,553 kg,LEO,NASA,,,,,,,,,,Jason-3,"Success
",<function booster_version at 0x00000229A6C94680>,Failure,17 January 2016,01:29
23,,,VAFB,,"5,271 kg",GTO,SES,,,,,,,,,,SES-9,"Success
",<function booster_version at 0x00000229A6C94680>,Failure,4 March 2016,18:42
24,,,Cape Canaveral,,"3,136 kg",LEO,NASA,,,,,,,,,,SpaceX CRS-8,Success,<function booster_version at 0x00000229A6C94680>,Success,8 April 2016,23:35
25,,,Cape Canaveral,,"4,696 kg",GTO,SKY Perfect JSAT Group,,,,,,,,,,JCSAT-14,"Success
",<function booster_version at 0x00000229A6C94680>,Success,6 May 2016,20:43
26,,,Cape Canaveral,,"3,100 kg",GTO,Thaicom,,,,,,,,,,Thaicom 8,"Success
",<function booster_version at 0x00000229A6C94680>,Success,27 May 2016,05:21
27,,,Cape Canaveral,,"3,600 kg",GTO,ABS,,,,,,,,,,ABS-2A,"Success
",<function booster_version at 0x00000229A6C94680>,Failure,15 June 2016,21:39
28,,,Cape Canaveral,,"2,257 kg",LEO,NASA,,,,,,,,,,SpaceX CRS-9,"Success
",<function booster_version at 0x00000229A6C94680>,Success,18 July 2016,14:29
29,,,Cape Canaveral,,"4,600 kg",GTO,SKY Perfect JSAT Group,,,,,,,,,,JCSAT-16,"Success
",<function booster_version at 0x00000229A6C94680>,Success,14 August 2016,04:45
30,,,Cape Canaveral,,"9,600 kg",Polar,Iridium Communications,,,,,,,,,,Iridium NEXT,"Success
",<function booster_version at 0x00000229A6C94680>,Success,14 January 2017,05:26
31,,,VAFB,,"2,490 kg",LEO,NASA,,,,,,,,,,SpaceX CRS-10,"Success
",<function booster_version at 0x00000229A6C94680>,Success,19 February 2017,17:54
32,,,KSC,,"5,600 kg",GTO,EchoStar,,,,,,,,,,EchoStar 23,"Success
",<function booster_version at 0x00000229A6C94680>,Not attempted,16 March 2017,14:39
33,,,KSC,,"5,300 kg",GTO,SES,,,,,,,,,,SES-10,Success,<function booster_version at 0x00000229A6C94680>,Success,30 March 2017,06:00
34,,,KSC,,C,LEO,NRO,,,,,,,,,,NROL-76,"Success
",<function booster_version at 0x00000229A6C94680>,Success,1 May 2017,22:27
35,,,KSC,,"6,070 kg",GTO,Inmarsat,,,,,,,,,,Inmarsat-5 F4,"Success
",<function booster_version at 0x00000229A6C94680>,Not attempted,15 May 2017,11:15
36,,,KSC,,"2,708 kg",LEO,NASA,,,,,,,,,,SpaceX CRS-11,"Success
",<function booster_version at 0x00000229A6C94680>,Success,3 June 2017,23:21
37,,,KSC,,"3,669 kg",GTO,Bulsatcom,,,,,,,,,,BulgariaSat-1,"Success
",<function booster_version at 0x00000229A6C94680>,Success,23 June 2017,21:07
38,,,KSC,,"9,600 kg",LEO,Iridium Communications,,,,,,,,,,Iridium NEXT,"Success
",<function booster_version at 0x00000229A6C94680>,Success,25 June 2017,19:10
39,,,VAFB,,"6,761 kg",GTO,Intelsat,,,,,,,,,,Intelsat 35e,"Success
",<function booster_version at 0x00000229A6C94680>,Not attempted,5 July 2017,20:25
40,,,KSC,,"3,310 kg",LEO,NASA,,,,,,,,,,SpaceX CRS-12,"Success
",<function booster_version at 0x00000229A6C94680>,Success,14 August 2017,23:38
41,,,KSC,,475 kg,SSO,NSPO,,,,,,,,,,Formosat-5,"Success
",<function booster_version at 0x00000229A6C94680>,Success,24 August 2017,16:31
42,,,VAFB,,"4,990 kg",LEO,USAF,,,,,,,,,,Boeing X-37B,"Success
",<function booster_version at 0x00000229A6C94680>,Success,7 September 2017,18:51
43,,,KSC,,"9,600 kg",Polar,Iridium Communications,,,,,,,,,,Iridium NEXT,"Success
",<function booster_version at 0x00000229A6C94680>,Success,9 October 2017,14:00
44,,,VAFB,,"5,200 kg",GTO,SES S.A.,,,,,,,,,,SES-11,"Success
",<function booster_version at 0x00000229A6C94680>,Success,11 October 2017,12:37
45,,,KSC,,"3,500 kg",GTO,KT Corporation,,,,,,,,,,Koreasat 5A,"Success
",<function booster_version at 0x00000229A6C94680>,Success,30 October 2017,22:53:00
46,,,KSC,,"2,205 kg",LEO,NASA,,,,,,,,,,SpaceX CRS-13,"Success
",<function booster_version at 0x00000229A6C94680>,Success,15 December 2017,19:34
47,,,Cape Canaveral,,"9,600 kg",Polar,Iridium Communications,,,,,,,,,,Iridium NEXT,Success,<function booster_version at 0x00000229A6C94680>,Controlled,23 December 2017,15:36
48,,,VAFB,,C,LEO,Northrop Grumman,,,,,,,,,,Zuma,Success,<function booster_version at 0x00000229A6C94680>,Success,8 January 2018,01:27
49,,,CCAFS,,"4,230 kg",GTO,SES,,,,,,,,,,GovSat-1,Success,<function booster_version at 0x00000229A6C94680>,Controlled,31 January 2018,01:00
50,,,CCAFS,,"2,150 kg",SSO,Hisdesat,,,,,,,,,,Paz,Success,<function booster_version at 0x00000229A6C94680>,Not attempted,22 February 2018,21:25
51,,,VAFB,,"6,092 kg",GTO,Hispasat,,,,,,,,,,Hispasat 30W-6,Success,<function booster_version at 0x00000229A6C94680>,No attempt,6 March 2018,14:17
52,,,CCAFS,,"9,600 kg",Polar,Iridium Communications,,,,,,,,,,Iridium NEXT,Success,<function booster_version at 0x00000229A6C94680>,No attempt,30 March 2018,05:33
53,,,VAFB,,"2,647 kg",LEO,NASA,,,,,,,,,,SpaceX CRS-14,Success,<function booster_version at 0x00000229A6C94680>,Not attempted,2 April 2018,14:14
54,,,CCAFS,,362 kg,HEO,NASA,,,,,,,,,,Transiting Exoplanet Survey Satellite,Success,<function booster_version at 0x00000229A6C94680>,Success,18 April 2018,20:30
55,,,CCAFS,,"3,600 kg",GTO,Thales-Alenia,,,,,,,,,,Bangabandhu-1,Success,<function booster_version at 0x00000229A6C94680>,Success,11 May 2018,22:51
56,,,KSC,,"6,460 kg",Polar,Iridium Communications,,,,,,,,,,Iridium NEXT,Success,<function booster_version at 0x00000229A6C94680>,Not attempted,22 May 2018,20:14
57,,,VAFB,,"5,384 kg",GTO,SES,,,,,,,,,,SES-12,Success,<function booster_version at 0x00000229A6C94680>,Not attempted,4 June 2018,19:47
58,,,CCAFS,,"2,697 kg",LEO,NASA,,,,,,,,,,SpaceX CRS-15,Success,<function booster_version at 0x00000229A6C94680>,Not attempted,29 June 2018,04:45
59,,,CCAFS,,"7,075 kg",GTO,Telesat,,,,,,,,,,Telstar 19V,Success,<function booster_version at 0x00000229A6C94680>,Success,22 July 2018,09:42
60,,,CCAFS,,"9,600 kg",Polar,Iridium Communications,,,,,,,,,,Iridium NEXT,Success,<function booster_version at 0x00000229A6C94680>,Success,25 July 2018,05:50
61,,,VAFB,,"5,800 kg",GTO,Telkom Indonesia,,,,,,,,,,Merah Putih,Success,<function booster_version at 0x00000229A6C94680>,Success,7 August 2018,11:39
62,,,CCAFS,,"7,060 kg",GTO,Telesat,,,,,,,,,,Telstar 18V,Success,<function booster_version at 0x00000229A6C94680>,Success,10 September 2018,05:18
63,,,CCAFS,,"3,000 kg",SSO,CONAE,,,,,,,,,,SAOCOM 1A,Success,<function booster_version at 0x00000229A6C94680>,Success,8 October 2018,04:45
64,,,VAFB,,"5,300 kg",GTO,Es'hailSat,,,,,,,,,,Es'hail 2,Success,<function booster_version at 0x00000229A6C94680>,Success,15 November 2018,02:22
65,,,KSC,,"~4,000 kg",SSO,Spaceflight Industries,,,,,,,,,,SSO-A,Success,<function booster_version at 0x00000229A6C94680>,Success,3 December 2018,20:46
66,,,VAFB,,"2,500 kg",LEO,NASA,,,,,,,,,,SpaceX CRS-16,"Success
",<function booster_version at 0x00000229A6C94680>,Failure,5 December 2018,18:34:05
67,,,CCAFS,,"4,400 kg",MEO,USAF,,,,,,,,,,GPS III,Success,<function booster_version at 0x00000229A6C94680>,Not attempted,23 December 2018,18:16
68,,,CCAFS,,"9,600 kg",Polar,Iridium Communications,,,,,,,,,,Iridium NEXT,"Success
",<function booster_version at 0x00000229A6C94680>,Success,11 January 2019,13:51
69,,,VAFB,,"4,850 kg",GTO,PSN,,,,,,,,,,Nusantara Satu,"Success
",<function booster_version at 0x00000229A6C94680>,Success,22 February 2019,15:31
70,,,CCAFS,,"12,055 kg",LEO,NASA,,,,,,,,,,Crew Dragon Demo-1,"Success
",<function booster_version at 0x00000229A6C94680>,Success,2 March 2019,01:45
71,,,KSC,,"2,495 kg",LEO,NASA,,,,,,,,,,SpaceX CRS-17,"Success
",<function booster_version at 0x00000229A6C94680>,Success,4 May 2019,07:49
72,,,CCAFS,,"13,620 kg",LEO,SpaceX,,,,,,,,,,Starlink,"Success
",<function booster_version at 0x00000229A6C94680>,Success,24 May 2019,06:48
73,,,CCAFS,,"4,200 kg",SSO,Canadian Space Agency,,,,,,,,,,RADARSAT Constellation,"Success
",<function booster_version at 0x00000229A6C94680>,Success,12 June 2019,02:30
74,,,VAFB,,"2,268 kg",LEO,NASA,,,,,,,,,,SpaceX CRS-18,"Success
",<function booster_version at 0x00000229A6C94680>,Success,25 July 2019,14:17
75,,,CCAFS,,"6,500 kg",GTO,Spacecom,,,,,,,,,,AMOS-17,"Success
",<function booster_version at 0x00000229A6C94680>,Not attempted,6 August 2019,22:01
76,,,CCAFS,,"15,600 kg",LEO,SpaceX,,,,,,,,,,Starlink,"Success
",<function booster_version at 0x00000229A6C94680>,Success,11 November 2019,23:23
77,,,CCAFS,,"2,617 kg",LEO,NASA,,,,,,,,,,SpaceX CRS-19,"Success
",<function booster_version at 0x00000229A6C94680>,Success,5 December 2019,14:56
78,,,CCAFS,,"6,956 kg",GTO,Sky Perfect JSAT,,,,,,,,,,JCSat-18,"Success
",<function booster_version at 0x00000229A6C94680>,Success,17 December 2019,17:29
79,,,CCAFS,,"15,600 kg",LEO,SpaceX,,,,,,,,,,Starlink,"Success
",<function booster_version at 0x00000229A6C94680>,Success,7 January 2020,00:10
80,,,CCAFS,,"12,050 kg",Sub-orbital,NASA,,,,,,,,,,Crew Dragon in-flight abort test,"Success
",<function booster_version at 0x00000229A6C94680>,"Not attempted
",19 January 2020,02:19:21
81,,,KSC,,"15,600 kg",LEO,SpaceX,,,,,,,,,,Starlink,"Success
",<function booster_version at 0x00000229A6C94680>,Success,29 January 2020,15:30
82,,,CCAFS,,"15,600 kg",LEO,SpaceX,,,,,,,,,,Starlink,"Success
",<function booster_version at 0x00000229A6C94680>,Failure,17 February 2020,14:07
83,,,CCAFS,,"1,977 kg",LEO,NASA,,,,,,,,,,SpaceX CRS-20,"Success
",<function booster_version at 0x00000229A6C94680>,Success,7 March 2020,15:05
84,,,CCAFS,,"15,600 kg",LEO,SpaceX,,,,,,,,,,Starlink,"Success
",<function booster_version at 0x00000229A6C94680>,Failure,18 March 2020,04:50
85,,,KSC,,"15,600 kg",LEO,SpaceX,,,,,,,,,,Starlink,"Success
",<function booster_version at 0x00000229A6C94680>,Success,22 April 2020,12:16
86,,,KSC,,"12,530 kg",LEO,NASA,,,,,,,,,,Crew Dragon Demo-2,"Success
",<function booster_version at 0x00000229A6C94680>,Success,30 May 2020,19:30
87,,,KSC,,"15,600 kg",LEO,SpaceX,,,,,,,,,,Starlink,"Success
",<function booster_version at 0x00000229A6C94680>,Success,4 June 2020,19:22
88,,,CCAFS,,"15,410 kg",LEO,SpaceX,,,,,,,,,,Starlink,"Success
",<function booster_version at 0x00000229A6C94680>,Success,13 June 2020,01:25
89,,,CCAFS,,"4,311 kg",MEO,U.S. Space Force,,,,,,,,,,GPS III,"Success
",<function booster_version at 0x00000229A6C94680>,Success,30 June 2020,09:21
90,,,CCAFS,,"5,000–6,000 kg",GTO,Republic of Korea Army,,,,,,,,,,ANASIS-II,"Success
",<function booster_version at 0x00000229A6C94680>,Success,20 July 2020,20:10:46
91,,,CCAFS,,"14,932 kg",LEO,SpaceX,,,,,,,,,,Starlink,"Success
",<function booster_version at 0x00000229A6C94680>,Success,7 August 2020,21:30
92,,,KSC,,"~15,440 kg",LEO,SpaceX,,,,,,,,,,Starlink,"Success
",<function booster_version at 0x00000229A6C94680>,Success,18 August 2020,05:12
93,,,CCAFS,,"3,130 kg",SSO,CONAE,,,,,,,,,,SAOCOM 1B,"Success
",<function booster_version at 0x00000229A6C94680>,Success,30 August 2020,14:31
94,,,CCAFS,,"15,600 kg",LEO,SpaceX,,,,,,,,,,Starlink,"Success
",<function booster_version at 0x00000229A6C94680>,Success,3 September 2020,23:18
95,,,KSC,,"15,600 kg",LEO,SpaceX,,,,,,,,,,Starlink,"Success
",<function booster_version at 0x00000229A6C94680>,Success,6 October 2020,12:46:14
96,,,KSC,,"15,600 kg",LEO,SpaceX,,,,,,,,,,Starlink,"Success
",<function booster_version at 0x00000229A6C94680>,Success,18 October 2020,11:29:34
97,,,KSC,,"15,600 kg",LEO,SpaceX,,,,,,,,,,Starlink,"Success
",<function booster_version at 0x00000229A6C94680>,Success,24 October 2020,12:25:57
98,,,CCAFS,,"4,311 kg",MEO,USSF,,,,,,,,,,GPS III,"Success
",<function booster_version at 0x00000229A6C94680>,Success,5 November 2020,15:31:34
99,,,CCAFS,,"~12,500 kg",LEO,NASA,,,,,,,,,,Crew-1,"Success
",<function booster_version at 0x00000229A6C94680>,Success,16 November 2020,23:24:23
100,,,KSC,,"1,192 kg",LEO,NASA,,,,,,,,,,Sentinel-6 Michael Freilich (Jason-CS A),"Success
",<function booster_version at 0x00000229A6C94680>,Success,21 November 2020,00:27
101,,,VAFB,,"15,600 kg",LEO,SpaceX,,,,,,,,,,Starlink,"Success
",<function booster_version at 0x00000229A6C94680>,Success,25 November 2020,17:17:08
102,,,CCAFS,,"2,972 kg",LEO,NASA,,,,,,,,,,SpaceX CRS-21,"Success
",<function booster_version at 0x00000229A6C94680>,Success,6 December 2020,02:13
103,,,KSC,,"7,000 kg",GTO,Sirius XM,,,,,,,,,,SXM-7,"Success
",<function booster_version at 0x00000229A6C94680>,Success,13 December 2020,16:17:08
104,,,CCSFS,,C,LEO,NRO,,,,,,,,,,NROL-108,"Success
",<function booster_version at 0x00000229A6C94680>,Success,19 December 2020,17:30:00
105,,,KSC,,"3,500 kg",GTO,Türksat,,,,,,,,,,Türksat 5A,"Success
",<function booster_version at 0x00000229A6C94680>,Success,8 January 2021,14:00:00
106,,,CCSFS,,"15,600 kg",LEO,SpaceX,,,,,,,,,,Starlink,"Success
",<function booster_version at 0x00000229A6C94680>,Success,20 January 2021,02:15
1,,,KSC,,"~5,000 kg",SSO,SpaceX,,,,,,,,,,Transporter-1,"Success
",<function booster_version at 0x00000229A6C94680>,Failure,24 January 2021,13:02
1,,,CCSFS,,0,LEO,SpaceX,,,,,,,,,,Dragon Spacecraft Qualification Unit,Success,<function booster_version at 0x00000229A6C94680>,Failure,4 June 2010,15:00
2,,,CCAFS,,0,LEO,NASA,,,,,,,,,,Dragon,Success,<function booster_version at 0x00000229A6C94680>,"Not attempted
",4 June 2010,18:45
3,,,CCAFS,,525 kg,LEO,NASA,,,,,,,,,,Dragon,"Success
",<function booster_version at 0x00000229A6C94680>,No attempt,8 December 2010,15:43
4,,,CCAFS,,"4,700 kg",LEO,NASA,,,,,,,,,,SpaceX CRS-1,"Success
",<function booster_version at 0x00000229A6C94680>,"Not attempted
",22 May 2012,07:44
5,,,CCAFS,,"4,877 kg",LEO,NASA,,,,,,,,,,SpaceX CRS-2,Success,<function booster_version at 0x00000229A6C94680>,Uncontrolled,8 October 2012,00:35
6,,,CCAFS,,500 kg,Polar orbit,MDA,,,,,,,,,,CASSIOPE,Success,<function booster_version at 0x00000229A6C94680>,Not attempted,1 March 2013,15:10
7,,,VAFB,,"3,170 kg",GTO,SES,,,,,,,,,,SES-8,Success,<function booster_version at 0x00000229A6C94680>,Not attempted,29 September 2013,16:00
8,,,CCAFS,,"3,325 kg",GTO,Thaicom,,,,,,,,,,Thaicom 6,"Success
",<function booster_version at 0x00000229A6C94680>,Controlled,3 December 2013,22:41
9,,,CCAFS,,"2,296 kg",LEO,NASA,,,,,,,,,,SpaceX CRS-3,Success,<function booster_version at 0x00000229A6C94680>,Controlled,6 January 2014,22:06
10,,,Cape Canaveral,,"1,316 kg",LEO,Orbcomm,,,,,,,,,,Orbcomm-OG2,Success,<function booster_version at 0x00000229A6C94680>,Not attempted,18 April 2014,19:25
11,,,Cape Canaveral,,"4,535 kg",GTO,AsiaSat,,,,,,,,,,AsiaSat 8,Success,<function booster_version at 0x00000229A6C94680>,"Not attempted
",14 July 2014,15:15
12,,,Cape Canaveral,,"4,428 kg",GTO,AsiaSat,,,,,,,,,,AsiaSat 6,Success,<function booster_version at 0x00000229A6C94680>,Uncontrolled,5 August 2014,08:00
13,,,Cape Canaveral,,"2,216 kg",LEO,NASA,,,,,,,,,,SpaceX CRS-4,Success,<function booster_version at 0x00000229A6C94680>,Failure ,7 September 2014,05:00
14,,,Cape Canaveral,,"2,395 kg",LEO,NASA,,,,,,,,,,SpaceX CRS-5,"Success
",<function booster_version at 0x00000229A6C94680>,Controlled,21 September 2014,05:52
15,,,Cape Canaveral,,570 kg,HEO,USAF,,,,,,,,,,DSCOVR,"Success
",<function booster_version at 0x00000229A6C94680>,Not attempted,10 January 2015,09:47
16,,,Cape Canaveral,,"4,159 kg",GTO,ABS,,,,,,,,,,ABS-3A,"Success
",<function booster_version at 0x00000229A6C94680>,Failure,11 February 2015,23:03
17,,,Cape Canaveral,,"1,898 kg",LEO,NASA,,,,,,,,,,SpaceX CRS-6,"Success
",<function booster_version at 0x00000229A6C94680>,Not attempted,2 March 2015,03:50
18,,,Cape Canaveral,,"4,707 kg",GTO,,,,,,,,,,,TürkmenÄlem 52°E / MonacoSAT,Failure,<function booster_version at 0x00000229A6C94680>,Precluded,14 April 2015,20:10
19,,,Cape Canaveral,,"1,952 kg",LEO,NASA,,,,,,,,,,SpaceX CRS-7,"Success
",<function booster_version at 0x00000229A6C94680>,Success,27 April 2015,23:03
20,,,Cape Canaveral,,"2,034 kg",LEO,Orbcomm,,,,,,,,,,Orbcomm-OG2,"Success
",<function booster_version at 0x00000229A6C94680>,Failure,28 June 2015,14:21
21,,,Cape Canaveral,,553 kg,LEO,NASA,,,,,,,,,,Jason-3,"Success
",<function booster_version at 0x00000229A6C94680>,Failure,22 December 2015,01:29
22,,,VAFB,,"5,271 kg",GTO,SES,,,,,,,,,,SES-9,Success,<function booster_version at 0x00000229A6C94680>,Success,17 January 2016,18:42
23,,,Cape Canaveral,,"3,136 kg",LEO,NASA,,,,,,,,,,SpaceX CRS-8,"Success
",<function booster_version at 0x00000229A6C94680>,Success,4 March 2016,23:35
24,,,Cape Canaveral,,"4,696 kg",GTO,SKY Perfect JSAT Group,,,,,,,,,,JCSAT-14,"Success
",<function booster_version at 0x00000229A6C94680>,Success,8 April 2016,20:43
25,,,Cape Canaveral,,"3,100 kg",GTO,Thaicom,,,,,,,,,,Thaicom 8,"Success
",<function booster_version at 0x00000229A6C94680>,Failure,6 May 2016,05:21
26,,,Cape Canaveral,,"3,600 kg",GTO,ABS,,,,,,,,,,ABS-2A,"Success
",<function booster_version at 0x00000229A6C94680>,Success,27 May 2016,21:39
27,,,Cape Canaveral,,"2,257 kg",LEO,NASA,,,,,,,,,,SpaceX CRS-9,"Success
",<function booster_version at 0x00000229A6C94680>,Success,15 June 2016,14:29
28,,,Cape Canaveral,,"4,600 kg",GTO,SKY Perfect JSAT Group,,,,,,,,,,JCSAT-16,"Success
",<function booster_version at 0x00000229A6C94680>,Success,18 July 2016,04:45
29,,,Cape Canaveral,,"9,600 kg",Polar,Iridium Communications,,,,,,,,,,Iridium NEXT,"Success
",<function booster_version at 0x00000229A6C94680>,Success,14 August 2016,05:26
30,,,VAFB,,"2,490 kg",LEO,NASA,,,,,,,,,,SpaceX CRS-10,"Success
",<function booster_version at 0x00000229A6C94680>,Not attempted,14 January 2017,17:54
31,,,KSC,,"5,600 kg",GTO,EchoStar,,,,,,,,,,EchoStar 23,Success,<function booster_version at 0x00000229A6C94680>,Success,19 February 2017,14:39
32,,,KSC,,"5,300 kg",GTO,SES,,,,,,,,,,SES-10,"Success
",<function booster_version at 0x00000229A6C94680>,Success,16 March 2017,06:00
33,,,KSC,,C,LEO,NRO,,,,,,,,,,NROL-76,"Success
",<function booster_version at 0x00000229A6C94680>,Not attempted,30 March 2017,22:27
34,,,KSC,,"6,070 kg",GTO,Inmarsat,,,,,,,,,,Inmarsat-5 F4,"Success
",<function booster_version at 0x00000229A6C94680>,Success,1 May 2017,11:15
35,,,KSC,,"2,708 kg",LEO,NASA,,,,,,,,,,SpaceX CRS-11,"Success
",<function booster_version at 0x00000229A6C94680>,Success,15 May 2017,23:21
36,,,KSC,,"3,669 kg",GTO,Bulsatcom,,,,,,,,,,BulgariaSat-1,"Success
",<function booster_version at 0x00000229A6C94680>,Success,3 June 2017,21:07
37,,,KSC,,"9,600 kg",LEO,Iridium Communications,,,,,,,,,,Iridium NEXT,"Success
",<function booster_version at 0x00000229A6C94680>,Not attempted,23 June 2017,19:10
38,,,VAFB,,"6,761 kg",GTO,Intelsat,,,,,,,,,,Intelsat 35e,"Success
",<function booster_version at 0x00000229A6C94680>,Success,25 June 2017,20:25
39,,,KSC,,"3,310 kg",LEO,NASA,,,,,,,,,,SpaceX CRS-12,"Success
",<function booster_version at 0x00000229A6C94680>,Success,5 July 2017,23:38
40,,,KSC,,475 kg,SSO,NSPO,,,,,,,,,,Formosat-5,"Success
",<function booster_version at 0x00000229A6C94680>,Success,14 August 2017,16:31
41,,,VAFB,,"4,990 kg",LEO,USAF,,,,,,,,,,Boeing X-37B,"Success
",<function booster_version at 0x00000229A6C94680>,Success,24 August 2017,18:51
42,,,KSC,,"9,600 kg",Polar,Iridium Communications,,,,,,,,,,Iridium NEXT,"Success
",<function booster_version at 0x00000229A6C94680>,Success,7 September 2017,14:00
43,,,VAFB,,"5,200 kg",GTO,SES S.A.,,,,,,,,,,SES-11,"Success
",<function booster_version at 0x00000229A6C94680>,Success,9 October 2017,12:37
44,,,KSC,,"3,500 kg",GTO,KT Corporation,,,,,,,,,,Koreasat 5A,"Success
",<function booster_version at 0x00000229A6C94680>,Success,11 October 2017,22:53:00
45,,,KSC,,"2,205 kg",LEO,NASA,,,,,,,,,,SpaceX CRS-13,Success,<function booster_version at 0x00000229A6C94680>,Controlled,30 October 2017,19:34
46,,,Cape Canaveral,,"9,600 kg",Polar,Iridium Communications,,,,,,,,,,Iridium NEXT,Success,<function booster_version at 0x00000229A6C94680>,Success,15 December 2017,15:36
47,,,VAFB,,C,LEO,Northrop Grumman,,,,,,,,,,Zuma,Success,<function booster_version at 0x00000229A6C94680>,Controlled,23 December 2017,01:27
48,,,CCAFS,,"4,230 kg",GTO,SES,,,,,,,,,,GovSat-1,Success,<function booster_version at 0x00000229A6C94680>,Not attempted,8 January 2018,01:00
49,,,CCAFS,,"2,150 kg",SSO,Hisdesat,,,,,,,,,,Paz,Success,<function booster_version at 0x00000229A6C94680>,No attempt,31 January 2018,21:25
50,,,VAFB,,"6,092 kg",GTO,Hispasat,,,,,,,,,,Hispasat 30W-6,Success,<function booster_version at 0x00000229A6C94680>,No attempt,22 February 2018,14:17
51,,,CCAFS,,"9,600 kg",Polar,Iridium Communications,,,,,,,,,,Iridium NEXT,Success,<function booster_version at 0x00000229A6C94680>,Not attempted,6 March 2018,05:33
52,,,VAFB,,"2,647 kg",LEO,NASA,,,,,,,,,,SpaceX CRS-14,Success,<function booster_version at 0x00000229A6C94680>,Success,30 March 2018,14:14
53,,,CCAFS,,362 kg,HEO,NASA,,,,,,,,,,Transiting Exoplanet Survey Satellite,Success,<function booster_version at 0x00000229A6C94680>,Success,2 April 2018,20:30
54,,,CCAFS,,"3,600 kg",GTO,Thales-Alenia,,,,,,,,,,Bangabandhu-1,Success,<function booster_version at 0x00000229A6C94680>,Not attempted,18 April 2018,22:51
55,,,KSC,,"6,460 kg",Polar,Iridium Communications,,,,,,,,,,Iridium NEXT,Success,<function booster_version at 0x00000229A6C94680>,Not attempted,11 May 2018,20:14
56,,,VAFB,,"5,384 kg",GTO,SES,,,,,,,,,,SES-12,Success,<function booster_version at 0x00000229A6C94680>,Not attempted,22 May 2018,19:47
57,,,CCAFS,,"2,697 kg",LEO,NASA,,,,,,,,,,SpaceX CRS-15,Success,<function booster_version at 0x00000229A6C94680>,Success,4 June 2018,04:45
58,,,CCAFS,,"7,075 kg",GTO,Telesat,,,,,,,,,,Telstar 19V,Success,<function booster_version at 0x00000229A6C94680>,Success,29 June 2018,09:42
59,,,CCAFS,,"9,600 kg",Polar,Iridium Communications,,,,,,,,,,Iridium NEXT,Success,<function booster_version at 0x00000229A6C94680>,Success,22 July 2018,05:50
60,,,VAFB,,"5,800 kg",GTO,Telkom Indonesia,,,,,,,,,,Merah Putih,Success,<function booster_version at 0x00000229A6C94680>,Success,25 July 2018,11:39
61,,,CCAFS,,"7,060 kg",GTO,Telesat,,,,,,,,,,Telstar 18V,Success,<function booster_version at 0x00000229A6C94680>,Success,7 August 2018,05:18
62,,,CCAFS,,"3,000 kg",SSO,CONAE,,,,,,,,,,SAOCOM 1A,Success,<function booster_version at 0x00000229A6C94680>,Success,10 September 2018,04:45
63,,,VAFB,,"5,300 kg",GTO,Es'hailSat,,,,,,,,,,Es'hail 2,Success,<function booster_version at 0x00000229A6C94680>,Success,8 October 2018,02:22
64,,,KSC,,"~4,000 kg",SSO,Spaceflight Industries,,,,,,,,,,SSO-A,"Success
",<function booster_version at 0x00000229A6C94680>,Failure,15 November 2018,20:46
65,,,VAFB,,"2,500 kg",LEO,NASA,,,,,,,,,,SpaceX CRS-16,Success,<function booster_version at 0x00000229A6C94680>,Not attempted,3 December 2018,18:34:05
66,,,CCAFS,,"4,400 kg",MEO,USAF,,,,,,,,,,GPS III,"Success
",<function booster_version at 0x00000229A6C94680>,Success,5 December 2018,18:16
67,,,CCAFS,,"9,600 kg",Polar,Iridium Communications,,,,,,,,,,Iridium NEXT,"Success
",<function booster_version at 0x00000229A6C94680>,Success,23 December 2018,13:51
68,,,VAFB,,"4,850 kg",GTO,PSN,,,,,,,,,,Nusantara Satu,"Success
",<function booster_version at 0x00000229A6C94680>,Success,11 January 2019,15:31
69,,,CCAFS,,"12,055 kg",LEO,NASA,,,,,,,,,,Crew Dragon Demo-1,"Success
",<function booster_version at 0x00000229A6C94680>,Success,22 February 2019,01:45
70,,,KSC,,"2,495 kg",LEO,NASA,,,,,,,,,,SpaceX CRS-17,"Success
",<function booster_version at 0x00000229A6C94680>,Success,2 March 2019,07:49
71,,,CCAFS,,"13,620 kg",LEO,SpaceX,,,,,,,,,,Starlink,"Success
",<function booster_version at 0x00000229A6C94680>,Success,4 May 2019,06:48
72,,,CCAFS,,"4,200 kg",SSO,Canadian Space Agency,,,,,,,,,,RADARSAT Constellation,"Success
",<function booster_version at 0x00000229A6C94680>,Success,24 May 2019,02:30
73,,,VAFB,,"2,268 kg",LEO,NASA,,,,,,,,,,SpaceX CRS-18,"Success
",<function booster_version at 0x00000229A6C94680>,Not attempted,12 June 2019,14:17
74,,,CCAFS,,"6,500 kg",GTO,Spacecom,,,,,,,,,,AMOS-17,"Success
",<function booster_version at 0x00000229A6C94680>,Success,25 July 2019,22:01
75,,,CCAFS,,"15,600 kg",LEO,SpaceX,,,,,,,,,,Starlink,"Success
",<function booster_version at 0x00000229A6C94680>,Success,6 August 2019,23:23
76,,,CCAFS,,"2,617 kg",LEO,NASA,,,,,,,,,,SpaceX CRS-19,"Success
",<function booster_version at 0x00000229A6C94680>,Success,11 November 2019,14:56
77,,,CCAFS,,"6,956 kg",GTO,Sky Perfect JSAT,,,,,,,,,,JCSat-18,"Success
",<function booster_version at 0x00000229A6C94680>,Success,5 December 2019,17:29
78,,,CCAFS,,"15,600 kg",LEO,SpaceX,,,,,,,,,,Starlink,"Success
",<function booster_version at 0x00000229A6C94680>,"Not attempted
",17 December 2019,00:10
79,,,CCAFS,,"12,050 kg",Sub-orbital,NASA,,,,,,,,,,Crew Dragon in-flight abort test,"Success
",<function booster_version at 0x00000229A6C94680>,Success,7 January 2020,02:19:21
80,,,KSC,,"15,600 kg",LEO,SpaceX,,,,,,,,,,Starlink,"Success
",<function booster_version at 0x00000229A6C94680>,Failure,19 January 2020,15:30
81,,,CCAFS,,"15,600 kg",LEO,SpaceX,,,,,,,,,,Starlink,"Success
",<function booster_version at 0x00000229A6C94680>,Success,29 January 2020,14:07
82,,,CCAFS,,"1,977 kg",LEO,NASA,,,,,,,,,,SpaceX CRS-20,"Success
",<function booster_version at 0x00000229A6C94680>,Failure,17 February 2020,15:05
83,,,CCAFS,,"15,600 kg",LEO,SpaceX,,,,,,,,,,Starlink,"Success
",<function booster_version at 0x00000229A6C94680>,Success,7 March 2020,04:50
84,,,KSC,,"15,600 kg",LEO,SpaceX,,,,,,,,,,Starlink,"Success
",<function booster_version at 0x00000229A6C94680>,Success,18 March 2020,12:16
85,,,KSC,,"12,530 kg",LEO,NASA,,,,,,,,,,Crew Dragon Demo-2,"Success
",<function booster_version at 0x00000229A6C94680>,Success,22 April 2020,19:30
86,,,KSC,,"15,600 kg",LEO,SpaceX,,,,,,,,,,Starlink,"Success
",<function booster_version at 0x00000229A6C94680>,Success,30 May 2020,19:22
87,,,CCAFS,,"15,410 kg",LEO,SpaceX,,,,,,,,,,Starlink,"Success
",<function booster_version at 0x00000229A6C94680>,Success,4 June 2020,01:25
88,,,CCAFS,,"4,311 kg",MEO,U.S. Space Force,,,,,,,,,,GPS III,"Success
",<function booster_version at 0x00000229A6C94680>,Success,13 June 2020,09:21
89,,,CCAFS,,"5,000–6,000 kg",GTO,Republic of Korea Army,,,,,,,,,,ANASIS-II,"Success
",<function booster_version at 0x00000229A6C94680>,Success,30 June 2020,20:10:46
90,,,CCAFS,,"14,932 kg",LEO,SpaceX,,,,,,,,,,Starlink,"Success
",<function booster_version at 0x00000229A6C94680>,Success,20 July 2020,21:30
91,,,KSC,,"~15,440 kg",LEO,SpaceX,,,,,,,,,,Starlink,"Success
",<function booster_version at 0x00000229A6C94680>,Success,7 August 2020,05:12
92,,,CCAFS,,"3,130 kg",SSO,CONAE,,,,,,,,,,SAOCOM 1B,"Success
",<function booster_version at 0x00000229A6C94680>,Success,18 August 2020,14:31
93,,,CCAFS,,"15,600 kg",LEO,SpaceX,,,,,,,,,,Starlink,"Success
",<function booster_version at 0x00000229A6C94680>,Success,30 August 2020,23:18
94,,,KSC,,"15,600 kg",LEO,SpaceX,,,,,,,,,,Starlink,"Success
",<function booster_version at 0x00000229A6C94680>,Success,3 September 2020,12:46:14
95,,,KSC,,"15,600 kg",LEO,SpaceX,,,,,,,,,,Starlink,"Success
",<function booster_version at 0x00000229A6C94680>,Success,6 October 2020,11:29:34
96,,,KSC,,"15,600 kg",LEO,SpaceX,,,,,,,,,,Starlink,"Success
",<function booster_version at 0x00000229A6C94680>,Success,18 October 2020,12:25:57
97,,,CCAFS,,"4,311 kg",MEO,USSF,,,,,,,,,,GPS III,"Success
",<function booster_version at 0x00000229A6C94680>,Success,24 October 2020,15:31:34
98,,,CCAFS,,"~12,500 kg",LEO,NASA,,,,,,,,,,Crew-1,"Success
",<function booster_version at 0x00000229A6C94680>,Success,5 November 2020,23:24:23
99,,,KSC,,"1,192 kg",LEO,NASA,,,,,,,,,,Sentinel-6 Michael Freilich (Jason-CS A),"Success
",<function booster_version at 0x00000229A6C94680>,Success,16 November 2020,00:27
100,,,VAFB,,"15,600 kg",LEO,SpaceX,,,,,,,,,,Starlink,"Success
",<function booster_version at 0x00000229A6C94680>,Success,21 November 2020,17:17:08
101,,,CCAFS,,"2,972 kg",LEO,NASA,,,,,,,,,,SpaceX CRS-21,"Success
",<function booster_version at 0x00000229A6C94680>,Success,25 November 2020,02:13
102,,,KSC,,"7,000 kg",GTO,Sirius XM,,,,,,,,,,SXM-7,"Success
",<function booster_version at 0x00000229A6C94680>,Success,6 December 2020,16:17:08
103,,,CCSFS,,C,LEO,NRO,,,,,,,,,,NROL-108,"Success
",<function booster_version at 0x00000229A6C94680>,Success,13 December 2020,17:30:00
104,,,KSC,,"3,500 kg",GTO,Türksat,,,,,,,,,,Türksat 5A,"Success
",<function booster_version at 0x00000229A6C94680>,Success,19 December 2020,14:00:00
105,,,CCSFS,,"15,600 kg",LEO,SpaceX,,,,,,,,,,Starlink,"Success
",<function booster_version at 0x00000229A6C94680>,Failure,8 January 2021,02:15
106,,,KSC,,"~5,000 kg",SSO,SpaceX,,,,,,,,,,Transporter-1,Success,<function booster_version at 0x00000229A6C94680>,Failure,20 January 2021,13:02
1,,,CCSFS,,0,LEO,SpaceX,,,,,,,,,,Dragon Spacecraft Qualification Unit,Success,<function booster_version at 0x00000229A6C94680>,"Not attempted
",24 January 2021,15:00
2,,,CCAFS,,0,LEO,NASA,,,,,,,,,,Dragon,"Success
",<function booster_version at 0x00000229A6C94680>,No attempt,4 June 2010,18:45
3,,,CCAFS,,525 kg,LEO,NASA,,,,,,,,,,Dragon,"Success
",<function booster_version at 0x00000229A6C94680>,"Not attempted
",8 December 2010,15:43
4,,,CCAFS,,"4,700 kg",LEO,NASA,,,,,,,,,,SpaceX CRS-1,Success,<function booster_version at 0x00000229A6C94680>,Uncontrolled,22 May 2012,07:44
5,,,CCAFS,,"4,877 kg",LEO,NASA,,,,,,,,,,SpaceX CRS-2,Success,<function booster_version at 0x00000229A6C94680>,Not attempted,8 October 2012,00:35
6,,,CCAFS,,500 kg,Polar orbit,MDA,,,,,,,,,,CASSIOPE,Success,<function booster_version at 0x00000229A6C94680>,Not attempted,1 March 2013,15:10
7,,,VAFB,,"3,170 kg",GTO,SES,,,,,,,,,,SES-8,"Success
",<function booster_version at 0x00000229A6C94680>,Controlled,29 September 2013,16:00
8,,,CCAFS,,"3,325 kg",GTO,Thaicom,,,,,,,,,,Thaicom 6,Success,<function booster_version at 0x00000229A6C94680>,Controlled,3 December 2013,22:41
9,,,CCAFS,,"2,296 kg",LEO,NASA,,,,,,,,,,SpaceX CRS-3,Success,<function booster_version at 0x00000229A6C94680>,Not attempted,6 January 2014,22:06
10,,,Cape Canaveral,,"1,316 kg",LEO,Orbcomm,,,,,,,,,,Orbcomm-OG2,Success,<function booster_version at 0x00000229A6C94680>,"Not attempted
",18 April 2014,19:25
11,,,Cape Canaveral,,"4,535 kg",GTO,AsiaSat,,,,,,,,,,AsiaSat 8,Success,<function booster_version at 0x00000229A6C94680>,Uncontrolled,14 July 2014,15:15
12,,,Cape Canaveral,,"4,428 kg",GTO,AsiaSat,,,,,,,,,,AsiaSat 6,Success,<function booster_version at 0x00000229A6C94680>,Failure ,5 August 2014,08:00
13,,,Cape Canaveral,,"2,216 kg",LEO,NASA,,,,,,,,,,SpaceX CRS-4,"Success
",<function booster_version at 0x00000229A6C94680>,Controlled,7 September 2014,05:00
14,,,Cape Canaveral,,"2,395 kg",LEO,NASA,,,,,,,,,,SpaceX CRS-5,"Success
",<function booster_version at 0x00000229A6C94680>,Not attempted,21 September 2014,05:52
15,,,Cape Canaveral,,570 kg,HEO,USAF,,,,,,,,,,DSCOVR,"Success
",<function booster_version at 0x00000229A6C94680>,Failure,10 January 2015,09:47
16,,,Cape Canaveral,,"4,159 kg",GTO,ABS,,,,,,,,,,ABS-3A,"Success
",<function booster_version at 0x00000229A6C94680>,Not attempted,11 February 2015,23:03
17,,,Cape Canaveral,,"1,898 kg",LEO,NASA,,,,,,,,,,SpaceX CRS-6,Failure,<function booster_version at 0x00000229A6C94680>,Precluded,2 March 2015,03:50
18,,,Cape Canaveral,,"4,707 kg",GTO,,,,,,,,,,,TürkmenÄlem 52°E / MonacoSAT,"Success
",<function booster_version at 0x00000229A6C94680>,Success,14 April 2015,20:10
19,,,Cape Canaveral,,"1,952 kg",LEO,NASA,,,,,,,,,,SpaceX CRS-7,"Success
",<function booster_version at 0x00000229A6C94680>,Failure,27 April 2015,23:03
20,,,Cape Canaveral,,"2,034 kg",LEO,Orbcomm,,,,,,,,,,Orbcomm-OG2,"Success
",<function booster_version at 0x00000229A6C94680>,Failure,28 June 2015,14:21
21,,,Cape Canaveral,,553 kg,LEO,NASA,,,,,,,,,,Jason-3,Success,<function booster_version at 0x00000229A6C94680>,Success,22 December 2015,01:29
22,,,VAFB,,"5,271 kg",GTO,SES,,,,,,,,,,SES-9,"Success
",<function booster_version at 0x00000229A6C94680>,Success,17 January 2016,18:42
23,,,Cape Canaveral,,"3,136 kg",LEO,NASA,,,,,,,,,,SpaceX CRS-8,"Success
",<function booster_version at 0x00000229A6C94680>,Success,4 March 2016,23:35
24,,,Cape Canaveral,,"4,696 kg",GTO,SKY Perfect JSAT Group,,,,,,,,,,JCSAT-14,"Success
",<function booster_version at 0x00000229A6C94680>,Failure,8 April 2016,20:43
25,,,Cape Canaveral,,"3,100 kg",GTO,Thaicom,,,,,,,,,,Thaicom 8,"Success
",<function booster_version at 0x00000229A6C94680>,Success,6 May 2016,05:21
26,,,Cape Canaveral,,"3,600 kg",GTO,ABS,,,,,,,,,,ABS-2A,"Success
",<function booster_version at 0x00000229A6C94680>,Success,27 May 2016,21:39
27,,,Cape Canaveral,,"2,257 kg",LEO,NASA,,,,,,,,,,SpaceX CRS-9,"Success
",<function booster_version at 0x00000229A6C94680>,Success,15 June 2016,14:29
28,,,Cape Canaveral,,"4,600 kg",GTO,SKY Perfect JSAT Group,,,,,,,,,,JCSAT-16,"Success
",<function booster_version at 0x00000229A6C94680>,Success,18 July 2016,04:45
29,,,Cape Canaveral,,"9,600 kg",Polar,Iridium Communications,,,,,,,,,,Iridium NEXT,"Success
",<function booster_version at 0x00000229A6C94680>,Not attempted,14 August 2016,05:26
30,,,VAFB,,"2,490 kg",LEO,NASA,,,,,,,,,,SpaceX CRS-10,Success,<function booster_version at 0x00000229A6C94680>,Success,14 January 2017,17:54
31,,,KSC,,"5,600 kg",GTO,EchoStar,,,,,,,,,,EchoStar 23,"Success
",<function booster_version at 0x00000229A6C94680>,Success,19 February 2017,14:39
32,,,KSC,,"5,300 kg",GTO,SES,,,,,,,,,,SES-10,"Success
",<function booster_version at 0x00000229A6C94680>,Not attempted,16 March 2017,06:00
33,,,KSC,,C,LEO,NRO,,,,,,,,,,NROL-76,"Success
",<function booster_version at 0x00000229A6C94680>,Success,30 March 2017,22:27
34,,,KSC,,"6,070 kg",GTO,Inmarsat,,,,,,,,,,Inmarsat-5 F4,"Success
",<function booster_version at 0x00000229A6C94680>,Success,1 May 2017,11:15
35,,,KSC,,"2,708 kg",LEO,NASA,,,,,,,,,,SpaceX CRS-11,"Success
",<function booster_version at 0x00000229A6C94680>,Success,15 May 2017,23:21
36,,,KSC,,"3,669 kg",GTO,Bulsatcom,,,,,,,,,,BulgariaSat-1,"Success
",<function booster_version at 0x00000229A6C94680>,Not attempted,3 June 2017,21:07
37,,,KSC,,"9,600 kg",LEO,Iridium Communications,,,,,,,,,,Iridium NEXT,"Success
",<function booster_version at 0x00000229A6C94680>,Success,23 June 2017,19:10
38,,,VAFB,,"6,761 kg",GTO,Intelsat,,,,,,,,,,Intelsat 35e,"Success
",<function booster_version at 0x00000229A6C94680>,Success,25 June 2017,20:25
39,,,KSC,,"3,310 kg",LEO,NASA,,,,,,,,,,SpaceX CRS-12,"Success
",<function booster_version at 0x00000229A6C94680>,Success,5 July 2017,23:38
40,,,KSC,,475 kg,SSO,NSPO,,,,,,,,,,Formosat-5,"Success
",<function booster_version at 0x00000229A6C94680>,Success,14 August 2017,16:31
41,,,VAFB,,"4,990 kg",LEO,USAF,,,,,,,,,,Boeing X-37B,"Success
",<function booster_version at 0x00000229A6C94680>,Success,24 August 2017,18:51
42,,,KSC,,"9,600 kg",Polar,Iridium Communications,,,,,,,,,,Iridium NEXT,"Success
",<function booster_version at 0x00000229A6C94680>,Success,7 September 2017,14:00
43,,,VAFB,,"5,200 kg",GTO,SES S.A.,,,,,,,,,,SES-11,"Success
",<function booster_version at 0x00000229A6C94680>,Success,9 October 2017,12:37
44,,,KSC,,"3,500 kg",GTO,KT Corporation,,,,,,,,,,Koreasat 5A,Success,<function booster_version at 0x00000229A6C94680>,Controlled,11 October 2017,22:53:00
45,,,KSC,,"2,205 kg",LEO,NASA,,,,,,,,,,SpaceX CRS-13,Success,<function booster_version at 0x00000229A6C94680>,Success,30 October 2017,19:34
46,,,Cape Canaveral,,"9,600 kg",Polar,Iridium Communications,,,,,,,,,,Iridium NEXT,Success,<function booster_version at 0x00000229A6C94680>,Controlled,15 December 2017,15:36
47,,,VAFB,,C,LEO,Northrop Grumman,,,,,,,,,,Zuma,Success,<function booster_version at 0x00000229A6C94680>,Not attempted,23 December 2017,01:27
48,,,CCAFS,,"4,230 kg",GTO,SES,,,,,,,,,,GovSat-1,Success,<function booster_version at 0x00000229A6C94680>,No attempt,8 January 2018,01:00
49,,,CCAFS,,"2,150 kg",SSO,Hisdesat,,,,,,,,,,Paz,Success,<function booster_version at 0x00000229A6C94680>,No attempt,31 January 2018,21:25
50,,,VAFB,,"6,092 kg",GTO,Hispasat,,,,,,,,,,Hispasat 30W-6,Success,<function booster_version at 0x00000229A6C94680>,Not attempted,22 February 2018,14:17
51,,,CCAFS,,"9,600 kg",Polar,Iridium Communications,,,,,,,,,,Iridium NEXT,Success,<function booster_version at 0x00000229A6C94680>,Success,6 March 2018,05:33
52,,,VAFB,,"2,647 kg",LEO,NASA,,,,,,,,,,SpaceX CRS-14,Success,<function booster_version at 0x00000229A6C94680>,Success,30 March 2018,14:14
53,,,CCAFS,,362 kg,HEO,NASA,,,,,,,,,,Transiting Exoplanet Survey Satellite,Success,<function booster_version at 0x00000229A6C94680>,Not attempted,2 April 2018,20:30
54,,,CCAFS,,"3,600 kg",GTO,Thales-Alenia,,,,,,,,,,Bangabandhu-1,Success,<function booster_version at 0x00000229A6C94680>,Not attempted,18 April 2018,22:51
55,,,KSC,,"6,460 kg",Polar,Iridium Communications,,,,,,,,,,Iridium NEXT,Success,<function booster_version at 0x00000229A6C94680>,Not attempted,11 May 2018,20:14
56,,,VAFB,,"5,384 kg",GTO,SES,,,,,,,,,,SES-12,Success,<function booster_version at 0x00000229A6C94680>,Success,22 May 2018,19:47
57,,,CCAFS,,"2,697 kg",LEO,NASA,,,,,,,,,,SpaceX CRS-15,Success,<function booster_version at 0x00000229A6C94680>,Success,4 June 2018,04:45
58,,,CCAFS,,"7,075 kg",GTO,Telesat,,,,,,,,,,Telstar 19V,Success,<function booster_version at 0x00000229A6C94680>,Success,29 June 2018,09:42
59,,,CCAFS,,"9,600 kg",Polar,Iridium Communications,,,,,,,,,,Iridium NEXT,Success,<function booster_version at 0x00000229A6C94680>,Success,22 July 2018,05:50
60,,,VAFB,,"5,800 kg",GTO,Telkom Indonesia,,,,,,,,,,Merah Putih,Success,<function booster_version at 0x00000229A6C94680>,Success,25 July 2018,11:39
61,,,CCAFS,,"7,060 kg",GTO,Telesat,,,,,,,,,,Telstar 18V,Success,<function booster_version at 0x00000229A6C94680>,Success,7 August 2018,05:18
62,,,CCAFS,,"3,000 kg",SSO,CONAE,,,,,,,,,,SAOCOM 1A,Success,<function booster_version at 0x00000229A6C94680>,Success,10 September 2018,04:45
63,,,VAFB,,"5,300 kg",GTO,Es'hailSat,,,,,,,,,,Es'hail 2,"Success
",<function booster_version at 0x00000229A6C94680>,Failure,8 October 2018,02:22
64,,,KSC,,"~4,000 kg",SSO,Spaceflight Industries,,,,,,,,,,SSO-A,Success,<function booster_version at 0x00000229A6C94680>,Not attempted,15 November 2018,20:46
65,,,VAFB,,"2,500 kg",LEO,NASA,,,,,,,,,,SpaceX CRS-16,"Success
",<function booster_version at 0x00000229A6C94680>,Success,3 December 2018,18:34:05
66,,,CCAFS,,"4,400 kg",MEO,USAF,,,,,,,,,,GPS III,"Success
",<function booster_version at 0x00000229A6C94680>,Success,5 December 2018,18:16
67,,,CCAFS,,"9,600 kg",Polar,Iridium Communications,,,,,,,,,,Iridium NEXT,"Success
",<function booster_version at 0x00000229A6C94680>,Success,23 December 2018,13:51
68,,,VAFB,,"4,850 kg",GTO,PSN,,,,,,,,,,Nusantara Satu,"Success
",<function booster_version at 0x00000229A6C94680>,Success,11 January 2019,15:31
69,,,CCAFS,,"12,055 kg",LEO,NASA,,,,,,,,,,Crew Dragon Demo-1,"Success
",<function booster_version at 0x00000229A6C94680>,Success,22 February 2019,01:45
70,,,KSC,,"2,495 kg",LEO,NASA,,,,,,,,,,SpaceX CRS-17,"Success
",<function booster_version at 0x00000229A6C94680>,Success,2 March 2019,07:49
71,,,CCAFS,,"13,620 kg",LEO,SpaceX,,,,,,,,,,Starlink,"Success
",<function booster_version at 0x00000229A6C94680>,Success,4 May 2019,06:48
72,,,CCAFS,,"4,200 kg",SSO,Canadian Space Agency,,,,,,,,,,RADARSAT Constellation,"Success
",<function booster_version at 0x00000229A6C94680>,Not attempted,24 May 2019,02:30
73,,,VAFB,,"2,268 kg",LEO,NASA,,,,,,,,,,SpaceX CRS-18,"Success
",<function booster_version at 0x00000229A6C94680>,Success,12 June 2019,14:17
74,,,CCAFS,,"6,500 kg",GTO,Spacecom,,,,,,,,,,AMOS-17,"Success
",<function booster_version at 0x00000229A6C94680>,Success,25 July 2019,22:01
75,,,CCAFS,,"15,600 kg",LEO,SpaceX,,,,,,,,,,Starlink,"Success
",<function booster_version at 0x00000229A6C94680>,Success,6 August 2019,23:23
76,,,CCAFS,,"2,617 kg",LEO,NASA,,,,,,,,,,SpaceX CRS-19,"Success
",<function booster_version at 0x00000229A6C94680>,Success,11 November 2019,14:56
77,,,CCAFS,,"6,956 kg",GTO,Sky Perfect JSAT,,,,,,,,,,JCSat-18,"Success
",<function booster_version at 0x00000229A6C94680>,"Not attempted
",5 December 2019,17:29
78,,,CCAFS,,"15,600 kg",LEO,SpaceX,,,,,,,,,,Starlink,"Success
",<function booster_version at 0x00000229A6C94680>,Success,17 December 2019,00:10
79,,,CCAFS,,"12,050 kg",Sub-orbital,NASA,,,,,,,,,,Crew Dragon in-flight abort test,"Success
",<function booster_version at 0x00000229A6C94680>,Failure,7 January 2020,02:19:21
80,,,KSC,,"15,600 kg",LEO,SpaceX,,,,,,,,,,Starlink,"Success
",<function booster_version at 0x00000229A6C94680>,Success,19 January 2020,15:30
81,,,CCAFS,,"15,600 kg",LEO,SpaceX,,,,,,,,,,Starlink,"Success
",<function booster_version at 0x00000229A6C94680>,Failure,29 January 2020,14:07
82,,,CCAFS,,"1,977 kg",LEO,NASA,,,,,,,,,,SpaceX CRS-20,"Success
",<function booster_version at 0x00000229A6C94680>,Success,17 February 2020,15:05
83,,,CCAFS,,"15,600 kg",LEO,SpaceX,,,,,,,,,,Starlink,"Success
",<function booster_version at 0x00000229A6C94680>,Success,7 March 2020,04:50
84,,,KSC,,"15,600 kg",LEO,SpaceX,,,,,,,,,,Starlink,"Success
",<function booster_version at 0x00000229A6C94680>,Success,18 March 2020,12:16
85,,,KSC,,"12,530 kg",LEO,NASA,,,,,,,,,,Crew Dragon Demo-2,"Success
",<function booster_version at 0x00000229A6C94680>,Success,22 April 2020,19:30
86,,,KSC,,"15,600 kg",LEO,SpaceX,,,,,,,,,,Starlink,"Success
",<function booster_version at 0x00000229A6C94680>,Success,30 May 2020,19:22
87,,,CCAFS,,"15,410 kg",LEO,SpaceX,,,,,,,,,,Starlink,"Success
",<function booster_version at 0x00000229A6C94680>,Success,4 June 2020,01:25
88,,,CCAFS,,"4,311 kg",MEO,U.S. Space Force,,,,,,,,,,GPS III,"Success
",<function booster_version at 0x00000229A6C94680>,Success,13 June 2020,09:21
89,,,CCAFS,,"5,000–6,000 kg",GTO,Republic of Korea Army,,,,,,,,,,ANASIS-II,"Success
",<function booster_version at 0x00000229A6C94680>,Success,30 June 2020,20:10:46
90,,,CCAFS,,"14,932 kg",LEO,SpaceX,,,,,,,,,,Starlink,"Success
",<function booster_version at 0x00000229A6C94680>,Success,20 July 2020,21:30
91,,,KSC,,"~15,440 kg",LEO,SpaceX,,,,,,,,,,Starlink,"Success
",<function booster_version at 0x00000229A6C94680>,Success,7 August 2020,05:12
92,,,CCAFS,,"3,130 kg",SSO,CONAE,,,,,,,,,,SAOCOM 1B,"Success
",<function booster_version at 0x00000229A6C94680>,Success,18 August 2020,14:31
93,,,CCAFS,,"15,600 kg",LEO,SpaceX,,,,,,,,,,Starlink,"Success
",<function booster_version at 0x00000229A6C94680>,Success,30 August 2020,23:18
94,,,KSC,,"15,600 kg",LEO,SpaceX,,,,,,,,,,Starlink,"Success
",<function booster_version at 0x00000229A6C94680>,Success,3 September 2020,12:46:14
95,,,KSC,,"15,600 kg",LEO,SpaceX,,,,,,,,,,Starlink,"Success
",<function booster_version at 0x00000229A6C94680>,Success,6 October 2020,11:29:34
96,,,KSC,,"15,600 kg",LEO,SpaceX,,,,,,,,,,Starlink,"Success
",<function booster_version at 0x00000229A6C94680>,Success,18 October 2020,12:25:57
97,,,CCAFS,,"4,311 kg",MEO,USSF,,,,,,,,,,GPS III,"Success
",<function booster_version at 0x00000229A6C94680>,Success,24 October 2020,15:31:34
98,,,CCAFS,,"~12,500 kg",LEO,NASA,,,,,,,,,,Crew-1,"Success
",<function booster_version at 0x00000229A6C94680>,Success,5 November 2020,23:24:23
99,,,KSC,,"1,192 kg",LEO,NASA,,,,,,,,,,Sentinel-6 Michael Freilich (Jason-CS A),"Success
",<function booster_version at 0x00000229A6C94680>,Success,16 November 2020,00:27
100,,,VAFB,,"15,600 kg",LEO,SpaceX,,,,,,,,,,Starlink,"Success
",<function booster_version at 0x00000229A6C94680>,Success,21 November 2020,17:17:08
101,,,CCAFS,,"2,972 kg",LEO,NASA,,,,,,,,,,SpaceX CRS-21,"Success
",<function booster_version at 0x00000229A6C94680>,Success,25 November 2020,02:13
102,,,KSC,,"7,000 kg",GTO,Sirius XM,,,,,,,,,,SXM-7,"Success
",<function booster_version at 0x00000229A6C94680>,Success,6 December 2020,16:17:08
103,,,CCSFS,,C,LEO,NRO,,,,,,,,,,NROL-108,"Success
",<function booster_version at 0x00000229A6C94680>,Failure,13 December 2020,17:30:00
104,,,KSC,,"3,500 kg",GTO,Türksat,,,,,,,,,,Türksat 5A,Success,<function booster_version at 0x00000229A6C94680>,Failure,19 December 2020,14:00:00
105,,,CCSFS,,"15,600 kg",LEO,SpaceX,,,,,,,,,,Starlink,Success,<function booster_version at 0x00000229A6C94680>,"Not attempted
",8 January 2021,02:15
106,,,KSC,,0,LEO,SpaceX,,,,,,,,,,Dragon Spacecraft Qualification Unit,"Success
",<function booster_version at 0x00000229A6C94680>,No attempt,20 January 2021,13:02
1,,,CCAFS,,0,LEO,NASA,,,,,,,,,,Dragon,"Success
",F9 v1.0B0003.1,"Not attempted
",24 January 2021,18:45
2,,,CCAFS,,525 kg,LEO,NASA,,,,,,,,,,Dragon,Success,F9 v1.0B0004.1,Uncontrolled,4 June 2010,15:43
3,,,CCAFS,,"4,700 kg",LEO,NASA,,,,,,,,,,SpaceX CRS-1,Success,F9 v1.0B0005.1,Not attempted,8 December 2010,07:44
4,,,CCAFS,,"4,877 kg",LEO,NASA,,,,,,,,,,SpaceX CRS-2,Success,F9 v1.0B0006.1,Not attempted,22 May 2012,00:35
5,,,CCAFS,,500 kg,Polar orbit,MDA,,,,,,,,,,CASSIOPE,"Success
",F9 v1.0B0007.1,Controlled,8 October 2012,15:10
6,,,VAFB,,"3,170 kg",GTO,SES,,,,,,,,,,SES-8,Success,F9 v1.1B1003,Controlled,1 March 2013,16:00
7,,,CCAFS,,"3,325 kg",GTO,Thaicom,,,,,,,,,,Thaicom 6,Success,F9 v1.1,Not attempted,29 September 2013,22:41
8,,,CCAFS,,"2,296 kg",LEO,NASA,,,,,,,,,,SpaceX CRS-3,Success,F9 v1.1,"Not attempted
",3 December 2013,22:06
9,,,Cape Canaveral,,"1,316 kg",LEO,Orbcomm,,,,,,,,,,Orbcomm-OG2,Success,F9 v1.1,Uncontrolled,6 January 2014,19:25
10,,,Cape Canaveral,,"4,535 kg",GTO,AsiaSat,,,,,,,,,,AsiaSat 8,Success,F9 v1.1,Failure ,18 April 2014,15:15
11,,,Cape Canaveral,,"4,428 kg",GTO,AsiaSat,,,,,,,,,,AsiaSat 6,"Success
",F9 v1.1,Controlled,14 July 2014,08:00
12,,,Cape Canaveral,,"2,216 kg",LEO,NASA,,,,,,,,,,SpaceX CRS-4,"Success
",F9 v1.1,Not attempted,5 August 2014,05:00
13,,,Cape Canaveral,,"2,395 kg",LEO,NASA,,,,,,,,,,SpaceX CRS-5,"Success
",F9 v1.1,Failure,7 September 2014,05:52
14,,,Cape Canaveral,,570 kg,HEO,USAF,,,,,,,,,,DSCOVR,"Success
",F9 v1.1,Not attempted,21 September 2014,09:47
15,,,Cape Canaveral,,"4,159 kg",GTO,ABS,,,,,,,,,,ABS-3A,Failure,F9 v1.1,Precluded,10 January 2015,23:03
16,,,Cape Canaveral,,"1,898 kg",LEO,NASA,,,,,,,,,,SpaceX CRS-6,"Success
",F9 v1.1,Success,11 February 2015,03:50
17,,,Cape Canaveral,,"4,707 kg",GTO,,,,,,,,,,,TürkmenÄlem 52°E / MonacoSAT,"Success
",F9 v1.1,Failure,2 March 2015,20:10
18,,,Cape Canaveral,,"1,952 kg",LEO,NASA,,,,,,,,,,SpaceX CRS-7,"Success
",F9 v1.1,Failure,14 April 2015,23:03
19,,,Cape Canaveral,,"2,034 kg",LEO,Orbcomm,,,,,,,,,,Orbcomm-OG2,Success,F9 v1.1,Success,27 April 2015,14:21
20,,,Cape Canaveral,,553 kg,LEO,NASA,,,,,,,,,,Jason-3,"Success
",F9 FT,Success,28 June 2015,01:29
21,,,VAFB,,"5,271 kg",GTO,SES,,,,,,,,,,SES-9,"Success
",F9 v1.1,Success,22 December 2015,18:42
22,,,Cape Canaveral,,"3,136 kg",LEO,NASA,,,,,,,,,,SpaceX CRS-8,"Success
",F9 FT,Failure,17 January 2016,23:35
23,,,Cape Canaveral,,"4,696 kg",GTO,SKY Perfect JSAT Group,,,,,,,,,,JCSAT-14,"Success
",F9 FT,Success,4 March 2016,20:43
24,,,Cape Canaveral,,"3,100 kg",GTO,Thaicom,,,,,,,,,,Thaicom 8,"Success
",F9 FT,Success,8 April 2016,05:21
25,,,Cape Canaveral,,"3,600 kg",GTO,ABS,,,,,,,,,,ABS-2A,"Success
",F9 FT,Success,6 May 2016,21:39
26,,,Cape Canaveral,,"2,257 kg",LEO,NASA,,,,,,,,,,SpaceX CRS-9,"Success
",F9 FT,Success,27 May 2016,14:29
27,,,Cape Canaveral,,"4,600 kg",GTO,SKY Perfect JSAT Group,,,,,,,,,,JCSAT-16,"Success
",F9 FT,Not attempted,15 June 2016,04:45
28,,,Cape Canaveral,,"9,600 kg",Polar,Iridium Communications,,,,,,,,,,Iridium NEXT,Success,F9 FT,Success,18 July 2016,05:26
29,,,VAFB,,"2,490 kg",LEO,NASA,,,,,,,,,,SpaceX CRS-10,"Success
",F9 FT,Success,14 August 2016,17:54
30,,,KSC,,"5,600 kg",GTO,EchoStar,,,,,,,,,,EchoStar 23,"Success
",F9 FT,Not attempted,14 January 2017,14:39
31,,,KSC,,"5,300 kg",GTO,SES,,,,,,,,,,SES-10,"Success
",F9 FT,Success,19 February 2017,06:00
32,,,KSC,,C,LEO,NRO,,,,,,,,,,NROL-76,"Success
",F9 FT♺,Success,16 March 2017,22:27
33,,,KSC,,"6,070 kg",GTO,Inmarsat,,,,,,,,,,Inmarsat-5 F4,"Success
",F9 FT,Success,30 March 2017,11:15
34,,,KSC,,"2,708 kg",LEO,NASA,,,,,,,,,,SpaceX CRS-11,"Success
",F9 FT,Not attempted,1 May 2017,23:21
35,,,KSC,,"3,669 kg",GTO,Bulsatcom,,,,,,,,,,BulgariaSat-1,"Success
",F9 FT,Success,15 May 2017,21:07
36,,,KSC,,"9,600 kg",LEO,Iridium Communications,,,,,,,,,,Iridium NEXT,"Success
",F9 FTB1029.2,Success,3 June 2017,19:10
37,,,VAFB,,"6,761 kg",GTO,Intelsat,,,,,,,,,,Intelsat 35e,"Success
",F9 FT,Success,23 June 2017,20:25
38,,,KSC,,"3,310 kg",LEO,NASA,,,,,,,,,,SpaceX CRS-12,"Success
",F9 FT,Success,25 June 2017,23:38
39,,,KSC,,475 kg,SSO,NSPO,,,,,,,,,,Formosat-5,"Success
",F9 B4,Success,5 July 2017,16:31
40,,,VAFB,,"4,990 kg",LEO,USAF,,,,,,,,,,Boeing X-37B,"Success
",F9 FT,Success,14 August 2017,18:51
41,,,KSC,,"9,600 kg",Polar,Iridium Communications,,,,,,,,,,Iridium NEXT,"Success
",F9 B4,Success,24 August 2017,14:00
42,,,VAFB,,"5,200 kg",GTO,SES S.A.,,,,,,,,,,SES-11,Success,F9 B4,Controlled,7 September 2017,12:37
43,,,KSC,,"3,500 kg",GTO,KT Corporation,,,,,,,,,,Koreasat 5A,Success,F9 FTB1031.2,Success,9 October 2017,22:53:00
44,,,KSC,,"2,205 kg",LEO,NASA,,,,,,,,,,SpaceX CRS-13,Success,F9 B4,Controlled,11 October 2017,19:34
45,,,Cape Canaveral,,"9,600 kg",Polar,Iridium Communications,,,,,,,,,,Iridium NEXT,Success,F9 FTB1035.2,Not attempted,30 October 2017,15:36
46,,,VAFB,,C,LEO,Northrop Grumman,,,,,,,,,,Zuma,Success,F9 FTB1036.2,No attempt,15 December 2017,01:27
47,,,CCAFS,,"4,230 kg",GTO,SES,,,,,,,,,,GovSat-1,Success,F9 B4,No attempt,23 December 2017,01:00
48,,,CCAFS,,"2,150 kg",SSO,Hisdesat,,,,,,,,,,Paz,Success,F9 FTB1032.2,Not attempted,8 January 2018,21:25
49,,,VAFB,,"6,092 kg",GTO,Hispasat,,,,,,,,,,Hispasat 30W-6,Success,F9 FTB1038.2,Success,31 January 2018,14:17
50,,,CCAFS,,"9,600 kg",Polar,Iridium Communications,,,,,,,,,,Iridium NEXT,Success,F9 B4,Success,22 February 2018,05:33
51,,,VAFB,,"2,647 kg",LEO,NASA,,,,,,,,,,SpaceX CRS-14,Success,F9 B4B1041.2,Not attempted,6 March 2018,14:14
52,,,CCAFS,,362 kg,HEO,NASA,,,,,,,,,,Transiting Exoplanet Survey Satellite,Success,F9 B4B1039.2,Not attempted,30 March 2018,20:30
53,,,CCAFS,,"3,600 kg",GTO,Thales-Alenia,,,,,,,,,,Bangabandhu-1,Success,F9 B4,Not attempted,2 April 2018,22:51
54,,,KSC,,"6,460 kg",Polar,Iridium Communications,,,,,,,,,,Iridium NEXT,Success,F9 B5B1046.1,Success,18 April 2018,20:14
55,,,VAFB,,"5,384 kg",GTO,SES,,,,,,,,,,SES-12,Success,F9 B4B1043.2,Success,11 May 2018,19:47
56,,,CCAFS,,"2,697 kg",LEO,NASA,,,,,,,,,,SpaceX CRS-15,Success,F9 B4B1040.2,Success,22 May 2018,04:45
57,,,CCAFS,,"7,075 kg",GTO,Telesat,,,,,,,,,,Telstar 19V,Success,F9 B4B1045.2,Success,4 June 2018,09:42
58,,,CCAFS,,"9,600 kg",Polar,Iridium Communications,,,,,,,,,,Iridium NEXT,Success,F9 B5,Success,29 June 2018,05:50
59,,,VAFB,,"5,800 kg",GTO,Telkom Indonesia,,,,,,,,,,Merah Putih,Success,F9 B5B1048,Success,22 July 2018,11:39
60,,,CCAFS,,"7,060 kg",GTO,Telesat,,,,,,,,,,Telstar 18V,Success,F9 B5B1046.2,Success,25 July 2018,05:18
61,,,CCAFS,,"3,000 kg",SSO,CONAE,,,,,,,,,,SAOCOM 1A,"Success
",F9 B5,Failure,7 August 2018,04:45
62,,,VAFB,,"5,300 kg",GTO,Es'hailSat,,,,,,,,,,Es'hail 2,Success,F9 B5B1048.2,Not attempted,10 September 2018,02:22
63,,,KSC,,"~4,000 kg",SSO,Spaceflight Industries,,,,,,,,,,SSO-A,"Success
",F9 B5B1047.2,Success,8 October 2018,20:46
64,,,VAFB,,"2,500 kg",LEO,NASA,,,,,,,,,,SpaceX CRS-16,"Success
",F9 B5B1046.3,Success,15 November 2018,18:34:05
65,,,CCAFS,,"4,400 kg",MEO,USAF,,,,,,,,,,GPS III,"Success
",F9 B5,Success,3 December 2018,18:16
66,,,CCAFS,,"9,600 kg",Polar,Iridium Communications,,,,,,,,,,Iridium NEXT,"Success
",F9 B5,Success,5 December 2018,13:51
67,,,VAFB,,"4,850 kg",GTO,PSN,,,,,,,,,,Nusantara Satu,"Success
",F9 B5B1049.2,Success,23 December 2018,15:31
68,,,CCAFS,,"12,055 kg",LEO,NASA,,,,,,,,,,Crew Dragon Demo-1,"Success
",F9 B5B1048.3,Success,11 January 2019,01:45
69,,,KSC,,"2,495 kg",LEO,NASA,,,,,,,,,,SpaceX CRS-17,"Success
",F9 B5[268],Success,22 February 2019,07:49
70,,,CCAFS,,"13,620 kg",LEO,SpaceX,,,,,,,,,,Starlink,"Success
",F9 B5,Not attempted,2 March 2019,06:48
71,,,CCAFS,,"4,200 kg",SSO,Canadian Space Agency,,,,,,,,,,RADARSAT Constellation,"Success
",F9 B5B1049.3,Success,4 May 2019,02:30
72,,,VAFB,,"2,268 kg",LEO,NASA,,,,,,,,,,SpaceX CRS-18,"Success
",F9 B5B1051.2,Success,24 May 2019,14:17
73,,,CCAFS,,"6,500 kg",GTO,Spacecom,,,,,,,,,,AMOS-17,"Success
",F9 B5B1056.2,Success,12 June 2019,22:01
74,,,CCAFS,,"15,600 kg",LEO,SpaceX,,,,,,,,,,Starlink,"Success
",F9 B5B1047.3,Success,25 July 2019,23:23
75,,,CCAFS,,"2,617 kg",LEO,NASA,,,,,,,,,,SpaceX CRS-19,"Success
",F9 B5,"Not attempted
",6 August 2019,14:56
76,,,CCAFS,,"6,956 kg",GTO,Sky Perfect JSAT,,,,,,,,,,JCSat-18,"Success
",F9 B5,Success,11 November 2019,17:29
77,,,CCAFS,,"15,600 kg",LEO,SpaceX,,,,,,,,,,Starlink,"Success
",F9 B5B1056.3,Failure,5 December 2019,00:10
78,,,CCAFS,,"12,050 kg",Sub-orbital,NASA,,,,,,,,,,Crew Dragon in-flight abort test,"Success
",F9 B5,Success,17 December 2019,02:19:21
79,,,KSC,,"15,600 kg",LEO,SpaceX,,,,,,,,,,Starlink,"Success
",F9 B5,Failure,7 January 2020,15:30
80,,,CCAFS,,"15,600 kg",LEO,SpaceX,,,,,,,,,,Starlink,"Success
",F9 B5,Success,19 January 2020,14:07
81,,,CCAFS,,"1,977 kg",LEO,NASA,,,,,,,,,,SpaceX CRS-20,"Success
",F9 B5,Success,29 January 2020,15:05
82,,,CCAFS,,"15,600 kg",LEO,SpaceX,,,,,,,,,,Starlink,"Success
",F9 B5,Success,17 February 2020,04:50
83,,,KSC,,"15,600 kg",LEO,SpaceX,,,,,,,,,,Starlink,"Success
",F9 B5,Success,7 March 2020,12:16
84,,,KSC,,"12,530 kg",LEO,NASA,,,,,,,,,,Crew Dragon Demo-2,"Success
",F9 B5,Success,18 March 2020,19:30
85,,,KSC,,"15,600 kg",LEO,SpaceX,,,,,,,,,,Starlink,"Success
",F9 B5,Success,22 April 2020,19:22
86,,,CCAFS,,"15,410 kg",LEO,SpaceX,,,,,,,,,,Starlink,"Success
",F9 B5,Success,30 May 2020,01:25
87,,,CCAFS,,"4,311 kg",MEO,U.S. Space Force,,,,,,,,,,GPS III,"Success
",F9 B5,Success,4 June 2020,09:21
88,,,CCAFS,,"5,000–6,000 kg",GTO,Republic of Korea Army,,,,,,,,,,ANASIS-II,"Success
",F9 B5,Success,13 June 2020,20:10:46
89,,,CCAFS,,"14,932 kg",LEO,SpaceX,,,,,,,,,,Starlink,"Success
",F9 B5B1058.2,Success,30 June 2020,21:30
90,,,KSC,,"~15,440 kg",LEO,SpaceX,,,,,,,,,,Starlink,"Success
",F9 B5,Success,20 July 2020,05:12
91,,,CCAFS,,"3,130 kg",SSO,CONAE,,,,,,,,,,SAOCOM 1B,"Success
",F9 B5B1049.6,Success,7 August 2020,14:31
92,,,CCAFS,,"15,600 kg",LEO,SpaceX,,,,,,,,,,Starlink,"Success
",F9 B5,Success,18 August 2020,23:18
93,,,KSC,,"15,600 kg",LEO,SpaceX,,,,,,,,,,Starlink,"Success
",F9 B5B1060.2,Success,30 August 2020,12:46:14
94,,,KSC,,"15,600 kg",LEO,SpaceX,,,,,,,,,,Starlink,"Success
",F9 B5B1058.3,Success,3 September 2020,11:29:34
95,,,KSC,,"15,600 kg",LEO,SpaceX,,,,,,,,,,Starlink,"Success
",F9 B5B1051.6,Success,6 October 2020,12:25:57
96,,,CCAFS,,"4,311 kg",MEO,USSF,,,,,,,,,,GPS III,"Success
",F9 B5,Success,18 October 2020,15:31:34
97,,,CCAFS,,"~12,500 kg",LEO,NASA,,,,,,,,,,Crew-1,"Success
",F9 B5,Success,24 October 2020,23:24:23
98,,,KSC,,"1,192 kg",LEO,NASA,,,,,,,,,,Sentinel-6 Michael Freilich (Jason-CS A),"Success
",F9 B5,Success,5 November 2020,00:27
99,,,VAFB,,"15,600 kg",LEO,SpaceX,,,,,,,,,,Starlink,"Success
",F9 B5,Success,16 November 2020,17:17:08
100,,,CCAFS,,"2,972 kg",LEO,NASA,,,,,,,,,,SpaceX CRS-21,"Success
",F9 B5 ♺,Success,21 November 2020,02:13
101,,,KSC,,"7,000 kg",GTO,Sirius XM,,,,,,,,,,SXM-7,"Success
",F9 B5 ♺,Success,25 November 2020,16:17:08
102,,,CCSFS,,C,LEO,NRO,,,,,,,,,,NROL-108,"Success
",F9 B5 ♺,Success,6 December 2020,17:30:00
103,,,KSC,,"3,500 kg",GTO,Türksat,,,,,,,,,,Türksat 5A,"Success
",F9 B5 ♺,Success,13 December 2020,14:00:00
104,,,CCSFS,,"15,600 kg",LEO,SpaceX,,,,,,,,,,Starlink,"Success
",F9 B5,Failure,19 December 2020,02:15
105,,,KSC,,"~5,000 kg",SSO,,,,,,,,,,,Transporter-1,"Success
",F9 B5B1051.8,Success,8 January 2021,13:02
106,,,CCSFS,,"15,600 kg",LEO,SpaceX,,,,,,,,,,Starlink,"Success
",F9 B5B1058.5,Success,20 January 2021,15:00
1,,,CCSFS,,"15,600 kg",LEO,SpaceX,,,,,,,,,,Starlink,"Success
",F9 B5 ♺,Success,4 June 2010,06:19
2,,,CCSFS,,"15,600 kg",LEO,SpaceX,,,,,,,,,,Starlink,"Success
",F9 B5 ♺,Success,8 December 2010,03:59:37
3,,,KSC,,"15,600 kg",LEO,SpaceX,,,,,,,,,,Starlink,"Success
",F9 B5 ♺,Success,22 May 2012,08:24
4,,,CCSFS,,"15,600 kg",LEO,SpaceX,,,,,,,,,,Starlink,"Success
",F9 B5 ♺,Success,8 October 2012,08:13:29
5,,,KSC,,"15,600 kg",LEO,SpaceX,,,,,,,,,,Starlink,"Success
",F9 B5 ♺,Success,1 March 2013,10:01
6,,,CCSFS,,"15,600 kg",LEO,SpaceX,,,,,,,,,,Starlink,"Success
",F9 B5B1060.6,Success,29 September 2013,08:28
7,,,CCSFS,,"~13,000 kg",LEO,NASA,,,,,,,,,,Crew-2,"Success
",F9 B5 ♺,Success,3 December 2013,16:34
8,,,KSC,,"15,600 kg",LEO,SpaceX,,,,,,,,,,Starlink,"Success
",F9 B5B1061.2,Success,6 January 2014,9:49
9,,,CCSFS,,"15,600 kg",LEO,SpaceX,,,,,,,,,,Starlink,"Success
",F9 B5B1060.7,Success,18 April 2014,03:44
10,,,KSC,,"15,600 kg",LEO,SpaceX,,,,,,,,,,Starlink,"Success
",F9 B5B1049.9,Success,14 July 2014,19:01
11,,,CCSFS,,"~14,000 kg",LEO,SpaceX,,,,,,,,,,Starlink,"Success
",F9 B5B1051.10,Success,5 August 2014,06:42
12,,,KSC,,"15,600 kg",LEO,SpaceX,,,,,,,,,,Starlink,,F9 B5B1058.8,,7 September 2014,22:56
13,,,CCSFS,,"3,328 kg",LEO,NASA,,,,,,,,,,SpaceX CRS-22,,F9 B5B1063.2,,21 September 2014,18:59
14,,,KSC,,"7,000 kg",GTO,Sirius XM,,,,,,,,,,SXM-8,,F9 B5B1067.1,,10 January 2015,17:29
15,,,CCSFS,,,,,,,,,,,,,,,,F9 B5,,11 February 2015,04:26
16,,,,,,,,,,,,,,,,,,,,,2 March 2015,
17,,,,,,,,,,,,,,,,,,,,,14 April 2015,
18,,,,,,,,,,,,,,,,,,,,,27 April 2015,
19,,,,,,,,,,,,,,,,,,,,,28 June 2015,
20,,,,,,,,,,,,,,,,,,,,,22 December 2015,
21,,,,,,,,,,,,,,,,,,,,,17 January 2016,
22,,,,,,,,,,,,,,,,,,,,,4 March 2016,
23,,,,,,,,,,,,,,,,,,,,,8 April 2016,
24,,,,,,,,,,,,,,,,,,,,,6 May 2016,
25,,,,,,,,,,,,,,,,,,,,,27 May 2016,
26,,,,,,,,,,,,,,,,,,,,,15 June 2016,
27,,,,,,,,,,,,,,,,,,,,,18 July 2016,
28,,,,,,,,,,,,,,,,,,,,,14 August 2016,
29,,,,,,,,,,,,,,,,,,,,,14 January 2017,
30,,,,,,,,,,,,,,,,,,,,,19 February 2017,
31,,,,,,,,,,,,,,,,,,,,,16 March 2017,
32,,,,,,,,,,,,,,,,,,,,,30 March 2017,
33,,,,,,,,,,,,,,,,,,,,,1 May 2017,
34,,,,,,,,,,,,,,,,,,,,,15 May 2017,
35,,,,,,,,,,,,,,,,,,,,,3 June 2017,
36,,,,,,,,,,,,,,,,,,,,,23 June 2017,
37,,,,,,,,,,,,,,,,,,,,,25 June 2017,
38,,,,,,,,,,,,,,,,,,,,,5 July 2017,
39,,,,,,,,,,,,,,,,,,,,,14 August 2017,
40,,,,,,,,,,,,,,,,,,,,,24 August 2017,
41,,,,,,,,,,,,,,,,,,,,,7 September 2017,
42,,,,,,,,,,,,,,,,,,,,,9 October 2017,
43,,,,,,,,,,,,,,,,,,,,,11 October 2017,
44,,,,,,,,,,,,,,,,,,,,,30 October 2017,
45,,,,,,,,,,,,,,,,,,,,,15 December 2017,
46,,,,,,,,,,,,,,,,,,,,,23 December 2017,
47,,,,,,,,,,,,,,,,,,,,,8 January 2018,
48,,,,,,,,,,,,,,,,,,,,,31 January 2018,
49,,,,,,,,,,,,,,,,,,,,,22 February 2018,
50,,,,,,,,,,,,,,,,,,,,,6 March 2018,
51,,,,,,,,,,,,,,,,,,,,,30 March 2018,
52,,,,,,,,,,,,,,,,,,,,,2 April 2018,
53,,,,,,,,,,,,,,,,,,,,,18 April 2018,
54,,,,,,,,,,,,,,,,,,,,,11 May 2018,
55,,,,,,,,,,,,,,,,,,,,,22 May 2018,
56,,,,,,,,,,,,,,,,,,,,,4 June 2018,
57,,,,,,,,,,,,,,,,,,,,,29 June 2018,
58,,,,,,,,,,,,,,,,,,,,,22 July 2018,
59,,,,,,,,,,,,,,,,,,,,,25 July 2018,
60,,,,,,,,,,,,,,,,,,,,,7 August 2018,
61,,,,,,,,,,,,,,,,,,,,,10 September 2018,
62,,,,,,,,,,,,,,,,,,,,,8 October 2018,
63,,,,,,,,,,,,,,,,,,,,,15 November 2018,
64,,,,,,,,,,,,,,,,,,,,,3 December 2018,
65,,,,,,,,,,,,,,,,,,,,,5 December 2018,
66,,,,,,,,,,,,,,,,,,,,,23 December 2018,
67,,,,,,,,,,,,,,,,,,,,,11 January 2019,
68,,,,,,,,,,,,,,,,,,,,,22 February 2019,
69,,,,,,,,,,,,,,,,,,,,,2 March 2019,
70,,,,,,,,,,,,,,,,,,,,,4 May 2019,
71,,,,,,,,,,,,,,,,,,,,,24 May 2019,
72,,,,,,,,,,,,,,,,,,,,,12 June 2019,
73,,,,,,,,,,,,,,,,,,,,,25 July 2019,
74,,,,,,,,,,,,,,,,,,,,,6 August 2019,
75,,,,,,,,,,,,,,,,,,,,,11 November 2019,
76,,,,,,,,,,,,,,,,,,,,,5 December 2019,
77,,,,,,,,,,,,,,,,,,,,,17 December 2019,
78,,,,,,,,,,,,,,,,,,,,,7 January 2020,
79,,,,,,,,,,,,,,,,,,,,,19 January 2020,
80,,,,,,,,,,,,,,,,,,,,,29 January 2020,
81,,,,,,,,,,,,,,,,,,,,,17 February 2020,
82,,,,,,,,,,,,,,,,,,,,,7 March 2020,
83,,,,,,,,,,,,,,,,,,,,,18 March 2020,
84,,,,,,,,,,,,,,,,,,,,,22 April 2020,
85,,,,,,,,,,,,,,,,,,,,,30 May 2020,
86,,,,,,,,,,,,,,,,,,,,,4 June 2020,
87,,,,,,,,,,,,,,,,,,,,,13 June 2020,
88,,,,,,,,,,,,,,,,,,,,,30 June 2020,
89,,,,,,,,,,,,,,,,,,,,,20 July 2020,
90,,,,,,,,,,,,,,,,,,,,,7 August 2020,
91,,,,,,,,,,,,,,,,,,,,,18 August 2020,
92,,,,,,,,,,,,,,,,,,,,,30 August 2020,
93,,,,,,,,,,,,,,,,,,,,,3 September 2020,
94,,,,,,,,,,,,,,,,,,,,,6 October 2020,
95,,,,,,,,,,,,,,,,,,,,,18 October 2020,
96,,,,,,,,,,,,,,,,,,,,,24 October 2020,
97,,,,,,,,,,,,,,,,,,,,,5 November 2020,
98,,,,,,,,,,,,,,,,,,,,,16 November 2020,
99,,,,,,,,,,,,,,,,,,,,,21 November 2020,
100,,,,,,,,,,,,,,,,,,,,,25 November 2020,
101,,,,,,,,,,,,,,,,,,,,,6 December 2020,
102,,,,,,,,,,,,,,,,,,,,,13 December 2020,
103,,,,,,,,,,,,,,,,,,,,,19 December 2020,
104,,,,,,,,,,,,,,,,,,,,,8 January 2021,
105,,,,,,,,,,,,,,,,,,,,,20 January 2021,
106,,,,,,,,,,,,,,,,,,,,,24 January 2021,
107,,,,,,,,,,,,,,,,,,,,,4 February 2021,
108,,,,,,,,,,,,,,,,,,,,,16 February 2021,
109,,,,,,,,,,,,,,,,,,,,,4 March 2021,
110,,,,,,,,,,,,,,,,,,,,,11 March 2021,
111,,,,,,,,,,,,,,,,,,,,,14 March 2021,
112,,,,,,,,,,,,,,,,,,,,,24 March 2021,
113,,,,,,,,,,,,,,,,,,,,,7 April 2021,
114,,,,,,,,,,,,,,,,,,,,,23 April 2021,
115,,,,,,,,,,,,,,,,,,,,,29 April 2021,
116,,,,,,,,,,,,,,,,,,,,,4 May 2021,
117,,,,,,,,,,,,,,,,,,,,,9 May 2021,
118,,,,,,,,,,,,,,,,,,,,,15 May 2021,
119,,,,,,,,,,,,,,,,,,,,,26 May 2021,
120,,,,,,,,,,,,,,,,,,,,,3 June 2021,
121,,,,,,,,,,,,,,,,,,,,,6 June 2021,
